{
  "designerVersion" : "1.3.25",
  "id" : "customRegisterUser",
  "name" : "registerUser",
  "lastUpdate" : 1512761563742,
  "template" : "\n<div class=\"text-{{ properties.alignment }}\">\n    <button\n        ng-class=\"'btn btn-' + properties.buttonStyle\"\n        ng-click=\"ctrl.postEndpoint()\"\n        type=\"button\"\n        ng-disabled=\"properties.disabled || ctrl.busy\" ng-bind-html=\"properties.caption | uiTranslate\"></button>\n</div>\n",
  "controller" : "\r\nfunction($scope, $http){\r\n  var server = window.location.search.match(/url=([^&]+)/);\r\n      if (server && server.length > 1) {\r\n        server = decodeURIComponent(server[1]);\r\n      } else {\r\n        server = window.location.protocol + \"//\" + window.location.hostname + \":8080\";\r\n      }\r\n\r\nthis.postEndpoint = function login (){\r\n               console.log('scope.properties   '+JSON.stringify($scope.properties))  \r\n        $http({\r\n            method: 'POST',\r\n            // headers: {'X-Bonita-API-Token': this.getCookie('X-Bonita-API-Token')},\r\n            url: server+'/bonita/loginservice',\r\n            data: '{\"username\":\"registrationpage\", \"password\":\"registrationpage\",\"redirect\":false}'\r\n        })\r\n// \t\t}\r\n.then(function createuser(response) {\r\n            $http({\r\n            method: 'POST',\r\n            url: server+'/bonita/API/identity/user',\r\n            // headers: {'X-Bonita-API-Token': this.getCookie('X-Bonita-API-Token')},\r\n            data: $scope.properties.newuserData\r\n\t\t\t})\r\n\t\t\t.then(function success (response){\r\n\t\t\t    $scope.properties.newuser = response;\r\n\t\t\t    console.log('newusercreted '+$scope.properties.newuser);\r\n\t\t\t    assignMembership();\r\n\t\t\t}, function fail(response){\r\n\t\t\t     $scope.properties.newuser = response.data ||\" failed to create new user\";\r\n\t\t\t})\r\n// \t\t}\r\n\t\t\r\n})}\r\n\r\nfunction assignMembership(response) {\r\n            $http({\r\n            method: 'POST',\r\n            // headers: {'X-Bonita-API-Token': this.getCookie('X-Bonita-API-Token')},\r\n            url: server+'/bonita/API/identity/membership',\r\n            data: {\r\n                      \"user_id\": $scope.properties.newuser.data.id,\r\n                      \"group_id\":$scope.properties.groupid,\r\n                      \"role_id\":$scope.properties.roleid\r\n                    }\r\n    \r\n            })\t.then(function success (response){\r\n\t\t\t    \r\n\t\t\t    console.log('membership assigned');\r\n\t\t\t    assignBTpatientKey();\r\n            }, function fail(response){\r\n\t\t\t     alert(\" failed to membership assigned\");\r\n\t\t\t})\r\n}\r\nfunction assignBTpatientKey() {\r\n              console.log('newuser scope '+$scope.properties.newuser);\r\n             console.log('$scope.properties.registrationType  ' +$scope.properties.registrationType)\r\n             if ($scope.properties.customuserinfoFieldId){\r\n           \r\n           $http({\r\n            method: 'PUT',\r\n            // headers: {'X-Bonita-API-Token': this.getCookie('X-Bonita-API-Token')},\r\n            // $scope.properties.customuserinfoFieldId needs to be the id number for the custom user field to update\r\n            url: server+'/bonita/API/customuserinfo/value/'+$scope.properties.newuser.data.id+'/'+$scope.properties.customuserinfoFieldId,\r\n            data: '{\"value\":'+$scope.properties.btpatientkey+'}'\r\n       })\r\n                 .then(function success (response){\r\n              console.log('bt patient key assigned');\r\n\t\t\t    startUserRegistrationProcess();\r\n                     \r\n                 })\r\n} else {\r\nconsole.log('nocustomuserinfo added');\r\nstartUserRegistrationProcess();\r\n}}\r\n\r\nfunction startUserRegistrationProcess(response) {\r\n           \r\n $scope.properties.httpResponse = response;\r\n          $http({\r\n            method: 'POST',\r\n            // headers: {'X-Bonita-API-Token': this.getCookie('X-Bonita-API-Token')},\r\n            url: $scope.properties.startProcessRegisterURL,\r\n            data: $scope.properties.startProcessRegisterData\r\n          }).then(function success (response){\r\n\t\t\t    \t$scope.properties.httpResponse = response;\r\n\t\t\t    console.log('newuser regisistration process started');\r\n\t\t\t    confirmandlogut();\r\n            }, function fail(response){\r\n\t\t\t     console.log(\" failed to staart newuser regisistration process\");\r\n\t\t\t\r\n                confirmandlogut();\r\n            })\r\n}\r\n\r\n\r\nfunction confirmandlogut(){\r\n        bootbox.confirm(\"Please check your email for login instructions\", function redirect(){window.location = (server+\"/bonita/logoutservice\")})\r\n        }\r\n}\r\n",
  "custom" : true,
  "properties" : [ {
    "label" : "Button Style",
    "name" : "buttonStyle",
    "type" : "choice",
    "defaultValue" : "success",
    "choiceValues" : [ "link", "primary", "success", "info", "warning" ],
    "bond" : "expression"
  }, {
    "label" : "Caption",
    "name" : "caption",
    "type" : "text",
    "defaultValue" : "",
    "bond" : "interpolation"
  }, {
    "label" : "Response",
    "name" : "httpResponse",
    "type" : "text",
    "bond" : "variable"
  }, {
    "label" : "alertSuccess",
    "name" : "alertSuccess",
    "type" : "text",
    "bond" : "variable"
  }, {
    "label" : "alertFailure",
    "name" : "alertFailure",
    "type" : "text",
    "bond" : "variable"
  }, {
    "label" : "alignment",
    "name" : "alignment",
    "type" : "choice",
    "defaultValue" : "center",
    "choiceValues" : [ "left", "center", "right" ],
    "bond" : "constant"
  }, {
    "label" : "disabled",
    "name" : "disabled",
    "type" : "boolean",
    "defaultValue" : true,
    "bond" : "expression"
  }, {
    "label" : "btpatientkey",
    "name" : "btpatientkey",
    "type" : "text",
    "bond" : "expression"
  }, {
    "label" : "startProcessRegisterURL",
    "name" : "startProcessRegisterURL",
    "type" : "text",
    "bond" : "expression"
  }, {
    "label" : "newuserData",
    "name" : "newuserData",
    "help" : "{\n  \"userName\":\"New.User\",\n  \"password\":\"bpm\",\n  \"password_confirm\":\"bpm\",\n  \"icon\":\"\",\n  \"firstname\":\"New\",\n  \"lastname\":\"User\",\n  \"title\":\"Mr\",\n  \"job_title\":\"Human resources benefits\",\n  \"manager_id\":\"3\"\n}",
    "type" : "text",
    "defaultValue" : "{   \"userName\":\"New.User\",   \"password\":\"bpm\",   \"password_confirm\":\"bpm\",   \"icon\":\"\",   \"firstname\":\"New\",   \"lastname\":\"User\",   \"title\":\"Mr\",   \"job_title\":\"Human resources benefits\",   \"manager_id\":\"3\" }",
    "bond" : "expression"
  }, {
    "label" : "startProcessRegisterData",
    "name" : "startProcessRegisterData",
    "type" : "text",
    "bond" : "expression"
  }, {
    "label" : "newuser",
    "name" : "newuser",
    "type" : "text",
    "bond" : "variable"
  }, {
    "label" : "roleid",
    "name" : "roleid",
    "type" : "text",
    "bond" : "expression"
  }, {
    "label" : "groupid",
    "name" : "groupid",
    "type" : "text",
    "bond" : "expression"
  }, {
    "label" : "registrationType",
    "name" : "registrationType",
    "type" : "choice",
    "defaultValue" : "patient",
    "choiceValues" : [ "patient", "doctor", "vendor", "subcontractor" ],
    "bond" : "expression"
  }, {
    "label" : "customuserinfoFieldId",
    "name" : "customuserinfoFieldId",
    "caption" : "needs to be the id number for the custom user field to update",
    "help" : "needs to be the id number for the custom user field to update",
    "type" : "text",
    "bond" : "expression"
  } ],
  "assets" : [ ],
  "requiredModules" : [ ],
  "type" : "widget",
  "hasHelp" : false
}