{
  "designerVersion" : "1.5.41",
  "id" : "pbText",
  "name" : "Text",
  "lastUpdate" : 1500920734706,
  "template" : "<p class=\"text-{{ properties.alignment }}\" ng-bind-html=\"properties.text | uiTranslate\"></p>\n",
  "icon" : "<svg xmlns='http://www.w3.org/2000/svg' viewBox='0 0 50 20'><g><path fill='#fff' d='M8.2,20h15v-1h-15V20z M8.2,17h31v-1h-31V17z M8.2,4h32V3h-32V4z M8.2,14h34v-1h-34V14z M8.2,7h30V6h-30V7z M8.2,1h35V0h-35V1z'/></g></svg>",
  "description" : "Short string or paragraph of text to be displayed. Can include HTML tags",
  "custom" : false,
  "order" : 16,
  "properties" : [ {
    "label" : "Text",
    "name" : "text",
    "caption" : "Use basic html tags, <span ng-non-bindable>{{dataVariable}}</span> to access data, and <a href=\"javascript:void(0);\" open-help=\"filters\" editor-mode=\"page\">filters</a> to format it (e.g. <span ng-non-bindable>{{dateVariable|uiDate}}</span>)",
    "type" : "html",
    "defaultValue" : "Neque porro quisquam est qui dolorem ipsum quia dolor sit amet,<br/>consectetur,<br/>adipisci velit...",
    "bond" : "interpolation"
  }, {
    "label" : "Alignment",
    "name" : "alignment",
    "type" : "choice",
    "defaultValue" : "left",
    "choiceValues" : [ "left", "center", "right" ],
    "bond" : "constant"
  } ],
  "assets" : [ ],
  "requiredModules" : [ ],
  "type" : "widget",
  "hasHelp" : false
}