{
  "designerVersion" : "1.3.25",
  "id" : "customApidocSearchforPatient",
  "name" : "apidocSearchforPatient",
  "lastUpdate" : 1512759275773,
  "template" : "\n<div class=\"text-{{ properties.alignment }}\">\n    <button\n        ng-class=\"'btn btn-' + properties.buttonStyle\"\n        ng-click=\"ctrl.postEndpoint()\"\n        type=\"button\"\n        ng-disabled=\"properties.disabled || ctrl.busy\" ng-bind-html=\"properties.caption | uiTranslate\"></button>\n</div>\n",
  "controller" : "/**\n * The controller is a JavaScript function that augments the AngularJS scope and exposes functions that can be used in the custom widget template\n * \n * Custom widget properties defined on the right can be used as variables in a controller with $scope.properties\n * To use AngularJS standard services, you must declare them in the main function arguments.\n * \n * You can leave the controller empty if you do not need it.\n */\nfunction ($scope, $http) {\n \n    this.postEndpoint = function() {\n        $http({\n            method: $scope.properties.action,\n            url: $scope.properties.PostURL,\n            data: $scope.properties.data\n        }).then(function successCallback(response) {\n            // this callback will be called asynchronously\n            // when the response is available\n            if (response.data.PatientSearchResult.TotalItemCount==1){\n                var patient1 = response.data.PatientSearchResult.Items.PatientSearchResponse;\n                }\n            else if(response.data.PatientSearchResult.TotalItemCount>1){\n                var patient1 = response.data.PatientSearchResult.Items.PatientSearchResponse[0];\n                }\n            else {\n                var patient1 = \"No Matching Patient Found\";\n                alert(patient1)\n                }\n            \n            // var patient1 = response.data.PatientSearchResult.Items.PatientSearchResponse[0]\n            var patientinfo =\"<br><b>Address: </b> \"+patient1.DeliveryAddress.AddressLine1+\"<br><b>City: </b> \"+patient1.DeliveryAddress.City+\"<b>  Zip: </b> \"+patient1.DeliveryAddress.PostalCode+\"<br><b>Phone: </b> \"+patient1.DeliveryPhone;\n            $scope.properties.httpResponse = response;\n            bootbox.confirm({\n            message:\"Is this your account? \"+patientinfo,\n                buttons: {\n                            confirm: {\n                                label: 'Yes',\n                                className: 'btn-success'\n                            },\n                            cancel: {\n                                label: 'No',\n                                className: 'btn-danger'\n                            }\n                        },\n                        callback: function (result) {\n                            console.log('This was logged in the callback: ' + result);\n                            $scope.properties.conf = result;\n                        }\n                    });\n            // if(!alert($scope.properties.alertSuccess));\n\n            //{window.location.reload();\n                 console.log(response);\n            //}\n        }, function errorCallback(response) {\n            // called asynchronously if an error occurs\n            // or server returns response with an error status.\n            \n            alert($scope.properties.alertFailure)\n           \n        });\n    }\n    }",
  "custom" : true,
  "properties" : [ {
    "label" : "Button Style",
    "name" : "buttonStyle",
    "type" : "choice",
    "defaultValue" : "success",
    "choiceValues" : [ "link", "primary", "success", "info", "warning" ],
    "bond" : "expression"
  }, {
    "label" : "Caption",
    "name" : "caption",
    "type" : "text",
    "defaultValue" : "",
    "bond" : "interpolation"
  }, {
    "label" : "Response",
    "name" : "httpResponse",
    "type" : "text",
    "bond" : "variable"
  }, {
    "label" : "Data",
    "name" : "data",
    "type" : "text",
    "defaultValue" : "",
    "bond" : "expression"
  }, {
    "label" : "PostURL",
    "name" : "PostURL",
    "caption" : "",
    "type" : "text",
    "bond" : "expression"
  }, {
    "label" : "action",
    "name" : "action",
    "type" : "choice",
    "choiceValues" : [ "PUT", "POST", "GET", "DELETE" ],
    "bond" : "expression"
  }, {
    "label" : "alertSuccess",
    "name" : "alertSuccess",
    "type" : "text",
    "bond" : "variable"
  }, {
    "label" : "alertFailure",
    "name" : "alertFailure",
    "type" : "text",
    "bond" : "variable"
  }, {
    "label" : "alignment",
    "name" : "alignment",
    "type" : "choice",
    "defaultValue" : "center",
    "choiceValues" : [ "left", "center", "right" ],
    "bond" : "constant"
  }, {
    "label" : "disabled",
    "name" : "disabled",
    "type" : "boolean",
    "defaultValue" : true,
    "bond" : "expression"
  }, {
    "label" : "conf",
    "name" : "conf",
    "type" : "text",
    "bond" : "variable"
  } ],
  "assets" : [ {
    "id" : "fcb560ad-a0d5-4779-bd4a-54b96b112fd4",
    "name" : "https://maxcdn.bootstrapcdn.com/bootstrap/3.3.2/css/bootstrap.min.css",
    "type" : "css",
    "order" : 5,
    "external" : true
  }, {
    "id" : "03208b08-30a5-4d08-80aa-b94537933f58",
    "name" : "https://maxcdn.bootstrapcdn.com/bootstrap/3.3.2/js/bootstrap.min.js",
    "type" : "js",
    "order" : 4,
    "external" : true
  }, {
    "id" : "b637ec9a-6717-4425-a99d-b535a79c7ddd",
    "name" : "https://ajax.googleapis.com/ajax/libs/jquery/1.9.1/jquery.min.js",
    "type" : "js",
    "order" : 1,
    "external" : true
  }, {
    "id" : "a520108f-be0e-4785-b503-dc6f22b61645",
    "name" : "bootstrap3-alert-box.js",
    "type" : "js",
    "order" : 2,
    "external" : false
  }, {
    "id" : "6b36914a-0fe9-4366-bee2-5245fec92039",
    "name" : "https://rawgit.com/makeusabrew/bootbox/f3a04a57877cab071738de558581fbc91812dce9/bootbox.js",
    "type" : "js",
    "order" : 3,
    "external" : true
  } ],
  "requiredModules" : [ ],
  "type" : "widget",
  "hasHelp" : false
}